main_category,sub_category,end_category,url,brand,title,selling_price,sku,description,net_quantity,fit,care_instruction,fabric_composition,country_of_origin
Living,,Living,https://www.westside.com/products/westside-home-gold-metal-round-table-clock-301047974001,Westside Home,Westside Home Gold Metal Round Table Clock,999.0,301047974001,"Designed to sit beautifully on desks, shelves or bedside tables, this gold metal round table clock from Westside Home blends utility with understated elegance. The sleek metallic finish adds a refined accent, while the clean, circular silhouette keeps it timeless and versatile. More than just a timekeeper, it acts as a quiet styling element that elevates everyday spaces with minimal effort.",,,,,
Living,,Living,https://www.westside.com/products/westside-home-sage-chevron-tufted-cushion-cover-301047633002,Westside Home,Westside Home Sage Chevron Tufted Cushion Cover,699.0,301047633002,"Soft texture meets subtle pattern in this sage chevron tufted cushion cover from Westside Home. The raised detailing adds depth and tactile interest, while the muted green tone lends a calm, contemporary feel to sofas, armchairs or beds. Easy to style and quietly statement-making, it brings warmth and dimension to layered living spaces.",,,,,
Living,,Living,https://www.westside.com/products/westside-home-sage-floral-embroidered-cushion-cover-301047638001,Westside Home,Westside Home Sage Floral Embroidered Cushion Cover,799.0,301047638001,"Quiet moments feel more considered with this sage cushion cover from Westside Home adding softness to your everyday spaces. The floral embroidery brings a gentle layer of detail, while the muted green tone keeps the look grounded and easy to live with. Whether styled on a sunlit sofa, an armchair by the window or layered across the bed, it creates a relaxed, lived-in warmth that works across seasons.",,,,,
Living,,Living,https://www.westside.com/products/westside-home-olive-stripe-printed-cushion-cover-301047632001,Westside Home,Westside Home Olive Stripe Printed Cushion Cover,699.0,301047632001,"Earthy tones meet quiet design in this olive cushion cover from Westside Home. Designed to bring visual rhythm to sofas, armchairs, or reading corners, the striped pattern adds depth without overpowering the space. The versatile olive hue blends seamlessly with neutral palettes and natural textures, making it an easy update for everyday living rooms, bedrooms, or layered lounge settings that favour understated warmth.",,,,,
Living,,Living,https://www.westside.com/products/westside-home-beige-resin-buddha-with-tealight-candle-holder-301043499001,Westside Home,Westside Home Beige Resin Buddha with Tealight Candle Holder,1499.0,301043499001,"A sense of calm settles in with this beige resin Buddha from Westside Home, created to bring warmth and stillness into your everyday spaces. Sculpted in a serene pose, it features an integrated tealight candle holder that casts a soft, soothing glow—ideal for meditation corners, console tables or bedside styling.",,,,,
Living,,Living,https://www.westside.com/products/westside-home-gold-metal-lotus-platter-301050794001,Westside Home,Westside Home Gold Metal Lotus Platter,1499.0,301050794001,"Bring a touch of artistry to your table with this gold platter from Westside Home. Sculpted in a lotus-inspired form with a refined gold finish, it combines compact elegance with versatile functionality. Perfect for serving appetizers, desserts, or festive treats, it also doubles as a decorative accent on consoles, sideboards, or coffee tables. Thoughtfully designed to balance style and utility, this small platter adds sophistication to both everyday dining and special occasions.",,,,,
Living,,Living,https://www.westside.com/products/westside-home-beige-common-reed-artificial-plant-301048053001,Westside Home,Westside Home Beige Common Reed Artificial Plant,399.0,301048053001,"Bring a sense of natural calm to your interiors with this beige common reed artificial plant from Westside Home. Designed with tall, wispy stems and lifelike texture, it adds height and movement without the need for maintenance. The neutral tone blends effortlessly into modern and rustic settings alike. Ideal for floor vases or open corners. A refined accent that enhances space with quiet warmth and balance.",,,,,
Living,,Living,https://www.westside.com/products/westside-home-pink-artificial-peony-flowers-301048068001,Westside Home,Westside Home Pink Artificial Peony Flowers,799.0,301048068001,"Soft and expressive, these pink artificial peony flowers from Westside Home lend a graceful decorative touch to your living space. Designed with layered petals for a realistic look, they offer lasting beauty without upkeep. The romantic colour palette suits tabletops, bedside styling, or entryway arrangements. Their full form adds depth to styled corners. A timeless floral accent that elevates everyday décor.",,,,,
Living,,Living,https://www.westside.com/products/westside-home-green-eucalyptus-leaf-artificial-plant-301048055001,Westside Home,Westside Home Green Eucalyptus Leaf Artificial Plant,399.0,301048055001,"Fresh and calming, this green eucalyptus leaf artificial plant from Westside Home brings a natural sensibility to your home. Designed with realistic foliage and soft tonal variation, it adds texture without requiring care. The soothing green shade suits both minimal and layered décor settings. Ideal for countertops, shelves, or desk styling. A versatile accent that enhances everyday spaces with ease.",,,,,
Living,,Living,https://www.westside.com/products/westside-home-orange-artificial-marigold-flower-301048067001,Westside Home,Westside Home Orange Artificial Marigold Flower,199.0,301048067001,"Bring a cheerful burst of colour to your interiors with this orange artificial marigold flower from Westside Home. Designed with dense petals and lifelike texture, it captures the charm of traditional blooms without the need for upkeep. The vibrant hue adds warmth to tabletops, shelves, or decorative vases. Its compact form makes it easy to style. A lively accent that keeps everyday décor feeling bright and welcoming.",,,,,
Living,,Living,https://www.westside.com/products/westside-home-pink-artificial-star-flower-301048070001,Westside Home,Westside Home Pink Artificial Star Flower,299.0,301048070001,"Soft yet expressive, this pink artificial star flower from Westside Home adds a gentle pop of colour to your décor. Designed to resemble natural blooms, it delivers lasting beauty with minimal effort. The blush tone complements modern and classic spaces alike. Perfect for tabletops or bedside styling. A charming accent that keeps spaces feeling light and thoughtfully styled.",,,,,
Living,,Living,https://www.westside.com/products/westside-home-pink-artificial-leaf-plant-301048065001,Westside Home,Westside Home Pink Artificial Leaf Plant,299.0,301048065001,"Add a subtle pop of colour to your décor with this pink artificial leaf plant from Westside Home. Crafted to resemble natural foliage, it brings texture and visual interest without ongoing maintenance. The muted pink hue works well in relaxed, modern settings. Ideal for desks, consoles, or open shelving. An easy styling element that refreshes everyday spaces with a gentle decorative lift.",,,,,
Living,,Living,https://www.westside.com/products/westside-home-white-artificial-dahlia-flower-301048054001,Westside Home,Westside Home White Artificial Dahlia Flower,399.0,301048054001,"Clean and elegant, this white artificial dahlia flower from Westside Home adds a refined touch to your interiors. Crafted with soft, layered petals, it delivers a realistic look without the need for upkeep. The neutral tone pairs effortlessly with varied décor styles. Ideal for table vases or shelf arrangements. A graceful accent that keeps spaces light and balanced.",,,,,
Living,,Living,https://www.westside.com/products/westside-home-pink-hydrangea-artificial-flower-301048063001,Westside Home,Westside Home Pink Hydrangea Artificial Flower,499.0,301048063001,"Soft and full in form, this pink hydrangea artificial flower from Westside Home adds a graceful decorative touch to your home. Crafted with layered petals for a realistic look, it offers lasting beauty without upkeep. The gentle hue suits tabletops, shelves, or entryway arrangements. Its rounded silhouette adds volume to styled spaces. A timeless floral accent that feels fresh and inviting.",,,,,
Living,,Living,https://www.westside.com/products/westside-home-white-honey-dew-artificial-plant-301048062001,Westside Home,Westside Home White Honey Dew Artificial Plant,499.0,301048062001,"Subtle and refined, this white artificial honey dew plant from Westside Home adds a clean, calming element to your décor. The realistic foliage creates a natural look that blends seamlessly into both modern and classic interiors. Ideal for coffee tables or open shelving. Its neutral tone allows it to pair easily with existing décor. A quiet accent that brings balance and understated elegance to your space.",,,,,
Living,,Living,https://www.westside.com/products/westside-home-rust-artificial-dahlia-flower-301048049001,Westside Home,Westside Home Rust Artificial Dahlia Flower,299.0,301048049001,"Introduce a warm decorative accent to your interiors with this rust artificial dahlia flower from Westside Home. Designed with layered petals and lifelike detailing, it captures the richness of real blooms without the need for care. The earthy tone adds depth to tabletops, shelves, or styled vases. Its full form brings softness to curated arrangements. A timeless floral accent that enhances everyday décor with ease.",,,,,
Living,,Living,https://www.westside.com/products/westside-home-white-ganesh-idol-301050793001,Westside Home,Westside Home White Ganesh Idol,1299.0,301050793001,"Crafted from marble for a durable finish, this white Ganesh idol from Westside Home blends spiritual symbolism with sculptural modernity. Its smooth finish and gentle curves bring a sense of calm and clarity to any space—be it a puja nook, shelf, or entryway console. The natural weight and timeless material lend it a grounding presence, making it as meaningful in ritual as it is in design.",,,,,
Living,,Living,https://www.westside.com/products/westside-home-rust-artificial-chrysanthemum-plant-301048052001,Westside Home,Westside Home Rust Artificial Chrysanthemum Plant,499.0,301048052001,"Bring warmth and visual interest to your décor with this rust artificial chrysanthemum plant from Westside Home. Designed to reflect the layered beauty of fresh blooms, it offers lasting appeal throughout the year. The rich hue complements both modern and classic spaces. Perfect for adding colour to living rooms or dining areas. A decorative piece that feels inviting and thoughtfully styled.",,,,,
Living,,Living,https://www.westside.com/products/westside-home-dark-orange-artificial-sunflower-plant-301048072001,Westside Home,Westside Home Dark Orange Artificial Sunflower Plant,299.0,301048072001,"Bold and inviting, this dark orange artificial sunflower plant from Westside Home brings warmth and character to your interiors. Crafted with broad petals and natural detailing, it offers year-round appeal without maintenance. The rich colour works well in living rooms or dining areas. Ideal for adding depth without overwhelming the space. A cheerful decorative piece that enhances everyday settings.",,,,,
Living,,Living,https://www.westside.com/products/westside-home-yellow-freesia-artificial-plant-301048057001,Westside Home,Westside Home Yellow Freesia Artificial Plant,399.0,301048057001,"Brighten your interiors with the uplifting appeal of this yellow artificial freesia plant from Westside Home. Designed with lifelike detailing, it brings a sense of freshness and warmth to your space year-round. Well suited for desks, shelves, or window ledges. The soft floral form adds visual interest without overwhelming the setting. A cheerful addition that enhances relaxed, welcoming interiors.",,,,,
Living,,Living,https://www.westside.com/products/westside-home-white-delphinium-artificial-plant-301048045001,Westside Home,Westside Home White Delphinium Artificial Plant,499.0,301048045001,"Elegant and refined, this large white artificial delphinium plant from Westside Home creates a striking yet understated decorative statement. Designed with tall stems and delicate blooms, it adds height and structure to your interiors. The neutral tone blends seamlessly into both modern and classic spaces. Ideal for floor vases or spacious tabletops. A timeless accent that brings balance, softness, and visual flow to your décor.",,,,,
Living,,Living,https://www.westside.com/products/westside-home-dark-orange-artificial-sunflower-plant-301048071001,Westside Home,Westside Home Dark Orange Artificial Sunflower Plant,399.0,301048071001,"Bring warmth and character to your interiors with this dark orange artificial sunflower plant from Westside Home. Crafted with bold petals and natural detailing, it delivers a striking visual presence throughout the year. The rich tone works well in living rooms or dining spaces. Perfect for adding colour without overwhelming the setting. A cheerful accent that keeps your décor feeling inviting and well-balanced.",,,,,
Living,,Living,https://www.westside.com/products/westside-home-yellow-artificial-sunflower-plant-301048073001,Westside Home,Westside Home Yellow Artificial Sunflower Plant,399.0,301048073001,"Bright and uplifting, this yellow artificial sunflower plant from Westside Home adds a sunny charm to your décor. Designed to mirror the natural beauty of fresh blooms, it brings lasting colour with no maintenance. Ideal for shelves, consoles, or kitchen counters. The vibrant hue instantly energises everyday spaces. A simple way to introduce warmth and freshness into your home.",,,,,
Living,,Living,https://www.westside.com/products/westside-home-red-artificial-celosia-plant-301048044001,Westside Home,Westside Home Red Artificial Celosia Plant,199.0,301048044001,"Add a vibrant accent to your interiors with this red artificial celosia plant from Westside Home. Designed to mimic the textured beauty of real blooms, it brings colour and visual interest without the need for upkeep. The bold hue makes it ideal for brightening shelves, consoles, or side tables. Its sculptural form adds depth to styled corners. A lasting decorative piece that keeps your space looking thoughtfully curated.",,,,,
Living,,Living,https://www.onetrust.com/products/cookie-consent/,OneTrust,Cookie Consent | Products | OneTrust,,,"Regulatory and societal trends emphasize the importance of personal data consent. More than 750,000 websites trust our Cookie Consent software to meet today’s data privacy demands. ",,,,,
Kitchen,,Kitchen,https://www.westside.com/products/westside-home-brown-text-design-wooden-tea-box-301047717001,Westside Home,Westside Home Brown Text Design Wooden Tea Box,799.0,301047717001,"Organise your tea essentials with ease using this brown wooden tea box from Westside Home. Accented with text detailing for a charming touch, it opens to reveal four neatly divided compartments that keep your favourite blends sorted and accessible. Thoughtfully designed to sit well on countertops or shelves, it brings warmth, order and a hint of ritual to your daily tea moments.",,,,,
Kitchen,,Kitchen,https://www.westside.com/products/westside-home-yellow-ribbed-textured-wine-glass-301041630001,Westside Home,Westside Home Yellow Ribbed-Textured Wine Glass,399.0,301041630001,"A fresh take on classic stemware, this yellow ribbed-textured wine glass from Westside Home brings warmth and texture to your dining setup. The ribbed detailing catches the light beautifully, while the soft yellow tone adds a cheerful accent—perfect for brunches, dinners, and relaxed hosting.",,,,,
Kitchen,,Kitchen,https://www.westside.com/products/westside-home-yellow-ribbed-textured-water-glass-301041629001,Westside Home,Westside Home Yellow Ribbed-Textured Water Glass,299.0,301041629001,"Designed to elevate everyday hydration, this yellow ribbed-textured water glass from Westside Home brings colour and character to the table. The ribbed finish adds grip and visual interest, while the cheerful hue lends a fresh, sunlit touch to daily meals or casual gatherings.",,,,,
Kitchen,,Kitchen,https://www.westside.com/products/westside-home-brown-rattan-wooden-tray-small-301047921001,Westside Home,Westside Home Brown Rattan Wooden Tray - Small,999.0,301047921001,"Perfect for serving or styling, this small brown rattan wooden tray from Westside Home brings an easy, natural texture to everyday moments. Designed with two sturdy handles for comfortable carrying, it balances functionality with relaxed aesthetics. Ideal for tea service, tabletop décor or countertop organisation, it adds an understated, lived-in elegance to your home.",,,,,
Kitchen,,Kitchen,https://www.westside.com/products/westside-home-green-lettuce-coupe-glass-301041631001,Westside Home,Westside Home Green Lettuce Coupe Glass,599.0,301041631001,"Inspired by organic forms, this green lettuce coupe glass from Westside Home makes a striking addition to your glassware edit. The sculpted bowl and soft green tint create a playful yet refined look, perfect for serving cocktails or celebratory pours with a touch of personality.",,,,,
Kitchen,,Kitchen,https://www.westside.com/products/westside-home-green-lettuce-wine-glass-301041632001,Westside Home,Westside Home Green Lettuce Wine Glass,599.0,301041632001,"Turn every sip into a styled moment with this green lettuce wine glass from Westside Home. Featuring a sculptural lettuce-inspired bowl, it blends whimsical design with elegant form. Ideal for entertaining or elevating quiet evenings, it adds visual interest to both classic and contemporary tablescapes.",,,,,
Kitchen,,Kitchen,https://www.westside.com/products/westside-home-yellow-stanley-water-bottle-500ml-301047755001,Westside Home,Westside Home Yellow Stanley Water Bottle- 500ML,799.0,301047755001,"Add a pop of colour to your daily hydration with this yellow Stanley water bottle from Westside Home. The bright yet balanced hue brings energy to your routine, while the 500ML capacity keeps it convenient for everyday use. Ideal for desks, commutes or short outings, it pairs functional design with a cheerful, lifestyle-driven finish.",,,,,
Kitchen,,Kitchen,https://www.westside.com/products/westside-home-dusty-pink-stanley-water-bottle-500ml-301047744001,Westside Home,Westside Home Dusty Pink Stanley Water Bottle- 500ML,799.0,301047744001,"Soft in tone and thoughtfully designed, this dusty pink Stanley water bottle from Westside Home fits effortlessly into your everyday routine. The muted pink shade adds a refined touch, while the compact 500ML size makes it ideal for workdays, errands or relaxed outings. Designed for easy hydration on the go, it blends practicality with a clean, modern aesthetic.",,,,,
Kitchen,,Kitchen,https://www.westside.com/products/westside-home-brown-typographic-wooden-nut-box-301047748001,Westside Home,Westside Home Brown Typographic Wooden Nut Box,999.0,301047748001,"Serve and store with effortless style using this brown wooden nut box from Westside Home. Designed with four separate compartments, it allows easy organisation of assorted nuts or snacks for everyday use or entertaining. The natural wooden finish paired with playful text detailing gives it a casual, inviting presence, making it a functional piece that also doubles as a table-ready accent.",,,,,
Kitchen,,Kitchen,https://www.westside.com/products/westside-home-brown-floral-wooden-oval-caddy-301047753001,Westside Home,Westside Home Brown Floral Wooden Oval Caddy,999.0,301047753001,"Designed to bring order with charm, this brown wooden oval caddy from Westside Home blends everyday utility with handcrafted appeal. The soft floral detailing adds a decorative touch, while the oval silhouette keeps it versatile for storing condiments, cutlery, or tabletop essentials. Whether placed on a dining table or kitchen counter, it introduces a sense of warmth and thoughtful organisation to your space.",,,,,
Kitchen,,Kitchen,https://www.westside.com/products/westside-home-brown-typographic-wooden-masala-box-301047747001,Westside Home,Westside Home Brown Typographic Wooden Masala Box,1299.0,301047747001,"Rooted in tradition with a modern twist, this brown wooden masala box from Westside Home is designed to streamline everyday cooking. Crafted in a circular silhouette, it features multiple inner compartments to store essential spices neatly in one place. The typography adds a contemporary edge, while the wooden finish lends warmth, making it as pleasing to display as it is practical to use.",,,,,
Kitchen,,Kitchen,https://www.westside.com/products/westside-home-green-fluted-coupe-glass-301041751001,Westside Home,Westside Home Green Fluted Coupe Glass,599.0,301041751001,"Elevate your table setting with this green fluted coupe glass from Westside Home. Designed with a softly ribbed silhouette, it adds texture and visual interest to everyday entertaining. The tinted glass lends a fresh, modern touch while maintaining a classic form. Ideal for cocktails, desserts, or celebratory moments. A stylish addition that brings character to your glassware collection.",,,,,
Kitchen,,Kitchen,https://www.westside.com/products/westside-home-multicolour-floral-mug-301047784001,Westside Home,Westside Home Multicolour Floral Mug,599.0,301047784001,"Westside Home brings a burst of colour to everyday moments with this multicolour floral mug. Designed to make morning brews and evening wind-downs feel a little more cheerful, its scattered floral motif adds an easy charm to your kitchen shelf. The smooth, well-balanced form sits comfortably in your hand, making it ideal for both quick coffee refills and unhurried tea breaks. Vibrant without being overpowering, it pairs effortlessly with a variety of table settings.",,,,,
Kitchen,,Kitchen,https://www.westside.com/products/westside-home-green-fluted-wine-glass-301041752001,Westside Home,Westside Home Green Fluted Wine Glass,599.0,301041752001,"Add a refined twist to your dining experience with this green fluted wine glass from Westside Home. Crafted with a fluted design, it offers a comfortable grip and elegant presence on the table. The subtle green tint introduces a contemporary accent without overpowering the setting. Suitable for everyday use or special occasions. A balanced blend of function and decorative appeal.",,,,,
Kitchen,,Kitchen,https://www.westside.com/products/westside-home-gold-two-tiered-wired-basket-301047697001,Westside Home,Westside Home Gold Two-Tiered Wired Basket,999.0,301047697001,"Designed for both storage and display, this gold two-tiered wired basket from Westside Home brings structure and style to everyday organisation. Featuring two spacious levels, it allows easy separation of fruits, snacks, or household essentials. The open-wire design keeps contents visible while maintaining an airy look. Ideal for kitchen counters or dining spaces. A functional accent that adds warmth and visual order to your home.",,,,,
Kitchen,,Kitchen,https://www.westside.com/products/westside-home-gold-round-wired-fruit-basket-301047699001,Westside Home,Westside Home Gold Round Wired Fruit Basket,499.0,301047699001,"Organise and display with subtle elegance using this gold round wired fruit basket from Westside Home. Designed with an open-wire structure, it allows easy storage while keeping contents visible and accessible. The warm metallic finish adds a refined decorative edge to kitchen counters or dining tables. Functional yet stylish in design. A practical piece that doubles as a tasteful tabletop accent.",,,,,
Kitchen,,Kitchen,https://www.westside.com/products/westside-home-white-and-red-cherry-mug-301047783001,Westside Home,Westside Home White and Red Cherry Mug,499.0,301047783001,"Designed for relaxed sipping and everyday comfort, Westside Home presents this cherry-print mug. The white base paired with red accents adds a playful yet balanced look, making it a charming addition to your drinkware collection. Ideal for slow mornings or workday breaks, it effortlessly blends style with everyday practicality.",,,,,
Kitchen,,Kitchen,https://www.westside.com/products/westside-home-light-blue-lemon-design-table-cloth-301047888001,Westside Home,Westside Home Light Blue Lemon Design Table Cloth,1499.0,301047888001,"Rejuvenate your dining space with this table cloth from Westside Home, featuring a light blue base detailed with lively lemon prints. Designed to instantly uplift dining areas, it balances visual charm with everyday practicality. The fresh colour story works beautifully across casual lunches and weekend gatherings, creating a bright yet composed backdrop for tableware.",,,,,
Kitchen,,Kitchen,https://www.westside.com/products/westside-home-light-blue-lemon-design-table-runner-301047880001,Westside Home,Westside Home Light Blue Lemon Design Table Runner,699.0,301047880001,"Revive your dining setting with this table runner from Westside Home, designed in a light blue palette accented with playful lemon motifs. The elongated format draws the eye while adding a fresh, summery rhythm to the table. Ideal for everyday meals or relaxed hosting, it brings colour without overpowering place settings.",,,,,
Kitchen,,Kitchen,https://www.westside.com/products/westside-home-yellow-stackable-glass-301041624001,Westside Home,Westside Home Yellow Stackable Glass,199.0,301041624001,"Westside Home brings a burst of sunshine to your everyday table with this yellow stackable glass. Designed to add cheer without excess, its clean silhouette and warm hue make daily hydration feel lighter and more intentional. Easy to stack and store, it suits compact kitchens and busy routines alike. Whether paired with neutral dinnerware or styled as a pop of colour, it works seamlessly from weekday breakfasts to relaxed weekend brunches.",,,,,
Kitchen,,Kitchen,https://www.westside.com/products/westside-home-light-blue-lemon-design-placemats-set-of-4-301047879001,Westside Home,Westside Home Light Blue Lemon Design Placemats (Set of 4),699.0,301047879001,"Enhance your dining table with this set of placemats from Westside Home, featuring playful lemon motifs layered over a striped base. Finished with soft ruffles across the edges, they bring charm and movement to everyday meals. The light blue palette feels fresh and inviting, while the stripes ground the design with structure.",,,,,
Kitchen,,Kitchen,https://www.westside.com/products/westside-home-mint-cookies-storage-box-301047731001,Westside Home,Westside Home Mint Cookies Storage Box,699.0,301047731001,"Fresh and functional, the mint cookies storage box by Westside Home brings a soft pop of colour to kitchen counters. Designed with a fitted lid, it helps keep cookies neatly stored while maintaining freshness. The clean form and smooth finish make it easy to leave out on open shelves or countertops. Practical for daily use, it blends storage with subtle style, adding a light, organised feel to the kitchen.",,,,,
Kitchen,,Kitchen,https://www.westside.com/products/westside-home-blue-floral-pattern-mug-301047781001,Westside Home,Westside Home Blue Floral Pattern Mug,499.0,301047781001,"Westside Home adds a classic yet cheerful touch to your drinkware with this blue mug. The timeless floral motif pairs beautifully with the calming blue palette, making it ideal for slow mornings or relaxed breaks. Comfortable to hold and easy to style, it works well on open shelves or alongside neutral tableware. A mug that blends familiarity with visual interest, turning everyday tea or coffee into a small moment of pause.",,,,,
Kitchen,,Kitchen,https://www.westside.com/products/westside-home-brown-typographic-wooden-roti-box-301047754001,Westside Home,Westside Home Brown Typographic Wooden Roti Box,1299.0,301047754001,"Westside Home adds warmth and utility to everyday dining with this brown wooden roti box. Crafted to keep rotis fresh and neatly stored, the wooden finish brings a natural, homely feel to the table. The typographic detailing adds a modern touch, while the fitted lid helps retain warmth and order. Ideal for daily meals or family gatherings, it balances function with design—making traditional serveware feel current and considered.",,,,,
Kitchen,,Kitchen,https://www.onetrust.com/products/cookie-consent/,OneTrust,Cookie Consent | Products | OneTrust,,,"Regulatory and societal trends emphasize the importance of personal data consent. More than 750,000 websites trust our Cookie Consent software to meet today’s data privacy demands. ",,,,,
Bed,,Bed,https://www.westside.com/products/westside-home-white-solid-plush-pillow-301048141001,Westside Home,Westside Home White Solid Plush Pillow,699.0,301048141001,"End your day with the sink-in softness of this white solid plush pillow from Westside Home. Designed for both comfort and support, it cradles your head while maintaining its shape night after night. The crisp white cover keeps it looking fresh, while the plush fill makes it perfect for side, back, or stomach sleepers. A simple essential that makes all the difference to the quality of your rest.",,,,,
Bed,,Bed,https://www.westside.com/products/westside-home-pink-floral-pattern-king-bed-sheet-set-301047660003,Westside Home,Westside Home Pink Floral Pattern King Bed Sheet Set,1699.0,301047660003,"Transform your bedroom into a soft, blooming retreat with this pink floral king-size bed sheet set from Westside Home. Decorated with delicate botanical motifs, it brings a fresh, uplifting charm to your sleep space. The smooth fabric drapes beautifully across the bed, while two matching pillowcases complete the thoughtfully coordinated look. Designed for comfort and everyday elegance, it is a set that turns winding down into a calming ritual.
 ",,,,,
Bed,,Bed,https://www.westside.com/products/westside-home-beige-queen-bed-fleece-blanket-301047614012,Westside Home,Westside Home Beige Queen Bed Fleece Blanket,1299.0,301047614012,"Designed for generous comfort, the beige queen bed fleece blanket by Westside Home offers warmth with a soft, lightweight feel. The fleece texture drapes easily over the bed, creating a relaxed, inviting look. Its neutral shade pairs seamlessly with a variety of bedding styles, making it easy to refresh the bedroom without overpowering the space. Ideal for everyday use, it adds comfort that feels effortless.",,,,,
Bed,,Bed,https://www.westside.com/products/westside-home-beige-solid-king-bed-sheet-set-301048135006,Westside Home,Westside Home Beige Solid King Bed Sheet Set,1499.0,301048135006,"Soft neutrals meet everyday comfort in this beige king-size fitted sheet set from Westside Home. Designed to sit smoothly across your mattress, the fitted sheet stays in place through restful nights, while the coordinating pillowcases bring gentle balance to your bedding. The understated tone pairs effortlessly with patterned quilts or textured throws, making it an easy choice for anyone who loves a warm, welcoming bed to come home to.",,,,,
Bed,,Bed,https://www.westside.com/products/westside-home-brown-solid-king-bed-sheet-set-301048136016,Westside Home,Westside Home Brown Solid King Bed Sheet Set,1499.0,301048136016,"Warm, grounding and endlessly versatile, this brown bed sheet set from Westside Home adds depth to your bedroom without feeling heavy. The solid tone pairs seamlessly with both neutral and patterned decor. Crafted for a king bed, the set includes two matching pillowcases, making it a dependable choice for those who favour understated style and everyday comfort.",,,,,
Bed,,Bed,https://www.westside.com/products/westside-home-dusty-blue-floral-quilted-queen-bed-comforter-301047618001,Westside Home,Westside Home Dusty Blue Floral Quilted Queen Bed Comforter,3499.0,301047618001,"Designed to make winding down feel a little more inviting, this dusty blue floral comforter from Westside Home brings softness and calm into your bedroom. The quilted finish adds gentle texture, while the floral pattern lends a relaxed, lived-in charm without feeling busy. Ideal for queen-sized beds, it offers cosy warmth without heaviness, making it perfect for everyday use.",,,,,
Bed,,Bed,https://www.westside.com/products/westside-home-sage-geometric-pattern-king-bed-sheet-set-301047659004,Westside Home,Westside Home Sage Geometric Pattern King Bed Sheet Set,1699.0,301047659004,"Clean lines meet modern comfort in this sage king bed sheet set by Westside Home. The subtle geometric design adds structure and visual depth, while the muted sage palette keeps the overall feel relaxed and balanced. Ideal for contemporary bedrooms, it pairs easily with neutral or tonal décor. Finished with two matching pillowcases, the set brings a polished, coordinated touch that feels both current and easy to live with.",,,,,
Bed,,Bed,https://www.westside.com/products/westside-home-olive-solid-king-bed-sheet-set-301048135004,Westside Home,Westside Home Olive Solid King Bed Sheet Set,1499.0,301048135004,"Infuse your sleep space with soothing, earthy warmth through this olive king-size fitted sheet set from Westside Home. The fitted sheet drapes securely over your mattress, creating a crisp, tailored base, while the two matching pillowcases bring a harmonious, nature-inspired finish. Soft to the touch and easy to maintain, this set offers a grounding backdrop that feels inviting after long days and peaceful during unhurried mornings.",,,,,
Bed,,Bed,https://www.westside.com/products/westside-home-beige-solid-king-bed-sheet-set-301048136006,Westside Home,Westside Home Beige Solid King Bed Sheet Set,1499.0,301048136006,"Understated and effortlessly versatile, this beige king-size flat sheet set from Westside Home brings a soft, welcoming feel to your bedroom. The flat sheet lies smoothly over your mattress, while the coordinating pillowcases add a gentle, cohesive touch. Easy to layer with patterned quilts or textured throws, it is the ideal everyday bedding for anyone who loves a serene, comforting sleep space.",,,,,
Bed,,Bed,https://www.westside.com/products/westside-home-dusty-blue-solid-king-bed-sheet-set-301048135008,Westside Home,Westside Home Dusty Blue Solid King Bed Sheet Set,1499.0,301048135008,"Create a relaxing retreat with this dusty blue king-size fitted sheet set from Westside Home. The fitted sheet hugs your mattress for a tidy, secure fit, and two matching pillowcases complete the ensemble with soft, tonal charm. Cool, calming and smooth to the touch, it is the kind of bedding that encourages slow evenings, restful sleep and fresh, revitalising mornings perfect for bedrooms that lean toward serenity.",,,,,
Bed,,Bed,https://www.westside.com/products/westside-home-pink-solid-pillowcases-set-of-2-301048137002,Westside Home,Westside Home Pink Solid Pillowcases (Set of 2),399.0,301048137002,"Add a soft, calming touch to your bedding with this set of two pink solid pillowcases from Westside Home. Crafted in a gentle pastel hue, they introduce a warm, uplifting feel that brightens your space without overpowering your decor. The smooth fabric offers everyday comfort, making them perfect for creating a restful, inviting sleep environment. Their minimal design makes them easy to pair with patterned sheets, textured throws, or tonal cushions, giving you endless styling possibilities.",,,,,
Bed,,Bed,https://www.westside.com/products/westside-home-blue-floral-pattern-king-bed-sheet-set-301047660002,Westside Home,Westside Home Blue Floral Pattern King Bed Sheet Set,1699.0,301047660002,"Freshen up your sleep space with this blue floral bed sheet set from Westside Home, designed to add colour while keeping the mood calm. The floral pattern feels timeless and easy, making it simple to style across seasons. Crafted for everyday comfort, the fabric feels gentle against the skin and sits smoothly on the bed. Perfect for king-sized beds, this set brings together practicality and quiet charm for restful, well-styled nights.",,,,,
Bed,,Bed,https://www.westside.com/products/westside-home-beige-single-bed-fleece-blanket-301047614011,Westside Home,Westside Home Beige Single Bed Fleece Blanket,999.0,301047614011,"Soft and comforting, the beige single bed fleece blanket by Westside Home is designed for everyday ease. The plush fleece texture feels cosy without being heavy, making it ideal for layering through changing seasons. The neutral tone blends effortlessly into bedrooms, adding warmth without visual clutter. Perfect for afternoon naps or quiet evenings, it brings a sense of calm and familiarity to personal spaces.",,,,,
Bed,,Bed,https://www.westside.com/products/westside-home-beige-solid-queen-bed-sheet-set-301048135005,Westside Home,Westside Home Beige Solid Queen Bed Sheet Set,1299.0,301048135005,"Soft neutrals meet everyday comfort in this beige queen-size fitted sheet set from Westside Home. Designed to sit smoothly across your mattress, the fitted sheet stays in place through restful nights, while the coordinating pillowcases bring gentle balance to your bedding. The understated tone pairs effortlessly with patterned quilts or textured throws, making it an easy choice for anyone who loves a warm, welcoming bed to come home to.",,,,,
Bed,,Bed,https://www.westside.com/products/westside-home-light-blue-floral-king-bed-sheet-set-301047667004,Westside Home,Westside Home Light Blue Floral King Bed Sheet Set,2299.0,301047667004,"Fresh and uplifting, this light blue king bed sheet set by Westside Home brings a breezy charm to your bedroom. The floral print feels airy and timeless, while the soft colour brightens the space without overpowering it. Perfect for everyday comfort and easy styling, it helps create a light, welcoming sleep environment. Complete with two matching pillowcases, the set ensures a coordinated look that feels relaxed, polished, and effortlessly comfortable.",,,,,
Bed,,Bed,https://www.westside.com/products/westside-home-sage-leaf-printed-king-bed-sheet-set-301047656004,Westside Home,Westside Home Sage Leaf Printed King Bed Sheet Set,1699.0,301047656004,"Inspired by nature-led living, this sage king bed sheet set by Westside Home adds an organic charm to your sleep space. The leafy print feels light and refreshing, while the soft fabric ensures everyday comfort. Designed to elevate your bedding without overwhelming the room, it’s perfect for creating a calm, cohesive setting. The set includes two matching pillowcases, making it easy to achieve a thoughtfully styled and effortlessly serene bedroom look.",,,,,
Bed,,Bed,https://www.westside.com/products/westside-home-sage-floral-design-king-bed-sheet-set-301047664003,Westside Home,Westside Home Sage Floral Design King Bed Sheet Set,1699.0,301047664003,"Create a calm and spacious bedroom setting with this sage king bed sheet set by Westside Home. The soft floral pattern adds elegance without feeling ornate, while the soothing colour palette promotes a relaxed atmosphere. Designed for generous comfort and everyday use, it blends seamlessly into both modern and classic interiors. The set comes complete with two matching pillowcases, offering a cohesive finish that makes the bed feel styled and inviting.",,,,,
Bed,,Bed,https://www.westside.com/products/westside-home-mustard-queen-bed-fleece-blanket-301047614006,Westside Home,Westside Home Mustard Queen Bed Fleece Blanket,1299.0,301047614006,"Wrap your space in warmth with this generously sized fleece blanket from Westside Home, designed to fit queen beds comfortably. Soft to the touch and lightweight, it provides cosy insulation without feeling heavy. The mustard shade brings a welcoming brightness, adding character to neutral bedrooms. Ideal for layering through changing seasons, this blanket blends everyday comfort with a clean, contemporary look, making it a reliable essential for restful nights and relaxed mornings.",,,,,
Bed,,Bed,https://www.westside.com/products/westside-home-dusty-blue-toile-printed-king-bed-sheet-set-301047666004,Westside Home,Westside Home Dusty Blue Toile Printed King Bed Sheet Set,2299.0,301047666004,"Rev up your bedroom aesthetics with this dusty blue toile printed bed sheet set from Westside Home, designed to bring quiet elegance into everyday spaces. Tailored for king-sized beds, the intricate print adds depth and character while keeping the overall mood calm and refined. Complete with two matching pillowcases, this set creates a coordinated, polished look that works beautifully in both classic and contemporary bedrooms.",,,,,
Bed,,Bed,https://www.westside.com/products/westside-home-white-solid-pillowcase-set-of-2-301048137006,Westside Home,Westside Home White Solid Pillowcase (Set of 2),399.0,301048137006,"Brighten your sleep space with the crisp simplicity of these white pillowcases from Westside Home. Smooth, soft and effortlessly fresh, they instantly lift the look of your bed. This set of two offers a timeless backdrop for patterned quilts or textured throws, making your bedding feel clean, airy and inviting every day.",,,,,
Bed,,Bed,https://www.westside.com/products/westside-home-dusty-blue-floral-quilted-single-bed-comforter-301047621001,Westside Home,Westside Home Dusty Blue Floral Quilted Single Bed Comforter,2599.0,301047621001,"Soft, soothing and easy to live with, this single bed comforter from Westside Home is designed for everyday comfort. The dusty blue base paired with a delicate floral pattern creates a calming visual, while the quilted texture adds warmth and dimension. Lightweight yet snug, it’s ideal for daily use in bedrooms that call for a touch of softness without overwhelming the space.",,,,,
Bed,,Bed,https://www.westside.com/products/westside-home-blue-polka-dot-queen-bed-sheet-set-301047662002,Westside Home,Westside Home Blue Polka Dot Queen Bed Sheet Set,1499.0,301047662002,"Playful yet easy to live with, this blue polka dot bed sheet set from Westside Home brings a light, cheerful touch to your bedroom. Designed for queen-sized beds, the pattern feels classic without being predictable, making it simple to style across seasons. Crafted for everyday comfort, the fabric feels smooth against the skin and sits neatly on the bed. The set includes two matching pillowcases, creating a coordinated look that feels relaxed, inviting and effortlessly put together.",,,,,
Bed,,Bed,https://www.westside.com/products/westside-home-blue-polka-dot-king-bed-sheet-set-301047662001,Westside Home,Westside Home Blue Polka Dot King Bed Sheet Set,1699.0,301047662001,"Playful yet easy to live with, this blue polka dot bed sheet set from Westside Home brings a light, cheerful touch to your bedroom. Designed for king-sized beds, the pattern feels classic without being predictable, making it simple to style across seasons. Crafted for everyday comfort, the fabric feels smooth against the skin and sits neatly on the bed. The set includes two matching pillowcases, creating a coordinated look that feels relaxed, inviting and effortlessly put together.",,,,,
Bed,,Bed,https://www.westside.com/products/westside-home-blue-botanical-design-king-bed-sheet-set-301047661003,Westside Home,Westside Home Blue Botanical Design King Bed Sheet Set,1699.0,301047661003,"Bring a sense of openness and ease to your bedroom with this blue botanical bed sheet set from Westside Home. Designed for king-sized beds, the botanical print adds depth without overpowering the space, creating a relaxed, airy feel. Comfortable and breathable for daily use, it layers beautifully with solids or textured throws. A thoughtful update that makes your bed feel inviting, balanced and ready for slow mornings and restful nights.",,,,,
Bed,,Bed,https://www.onetrust.com/products/cookie-consent/,OneTrust,Cookie Consent | Products | OneTrust,,,"Regulatory and societal trends emphasize the importance of personal data consent. More than 750,000 websites trust our Cookie Consent software to meet today’s data privacy demands. ",,,,,
Bath,,Bath,https://www.westside.com/products/westside-home-green-self-striped-bath-towel-301048125005,Westside Home,Westside Home Green Self-Striped Bath Towel,499.0,301048125005,"Designed for comfort that feels intentional, this green bath towel from Westside Home brings a grounded elegance to your bath space. The tonal stripes add visual interest without overpowering the look, while the calming green hue pairs beautifully with neutral interiors. Ideal for daily use, it offers a balance of softness and absorbency that suits both quick refreshes and slow, end-of-day rituals.",,,,,
Bath,,Bath,https://www.westside.com/products/westside-home-yellow-self-striped-bath-towel-301048125012,Westside Home,Westside Home Yellow Self-Striped Bath Towel,499.0,301048125012,"Infuse your daily routine with a burst of warmth using this yellow bath towel from Westside Home. The tonal stripe detailing adds subtle texture, while the sunny hue brings an uplifting, fresh feel to your bath space. Designed to balance comfort and visual appeal, it turns everyday drying moments into a small act of indulgence, fitting effortlessly into both modern and relaxed bathroom settings.",,,,,
Bath,,Bath,https://www.westside.com/products/westside-home-white-solid-bathroom-accessory-set-301047593001,Westside Home,Westside Home White Solid Bathroom Accessory Set,999.0,301047593001,"Clean, cohesive, and thoughtfully designed, this white bathroom accessory set from Westside Home brings order and elegance to your countertop. The set includes a soap dispenser, tumbler, and matching tray, creating a coordinated look that feels fresh and uncluttered. Finished in a crisp white tone, it blends easily into any bathroom aesthetic while keeping everyday essentials neatly organised.",,,,,
Bath,,Bath,https://www.westside.com/products/westside-home-blue-self-striped-bath-towel-301048125009,Westside Home,Westside Home Blue Self-Striped Bath Towel,499.0,301048125009,"Bring a sense of calm to your daily routine with this blue bath towel from Westside Home. The tonal stripe pattern lends subtle texture, while the cool blue shade evokes a clean, spa-like atmosphere. Designed to feel indulgent yet practical, it fits seamlessly into modern bathrooms, offering everyday comfort that feels thoughtfully considered rather than purely functional.",,,,,
Bath,,Bath,https://www.westside.com/products/westside-home-pink-self-striped-bath-towel-301048125002,Westside Home,Westside Home Pink Self-Striped Bath Towel,499.0,301048125002,"Soft hues and subtle texture come together in this pink bath towel from Westside Home. Designed to turn everyday routines into moments of comfort, its tonal stripe detailing adds depth while keeping the look calm and uncluttered. Ideal for post-shower unwinding or slow weekend mornings, the gentle pink shade brings warmth to your bathroom while fitting effortlessly into both modern and classic spaces.",,,,,
Bath,,Bath,https://www.westside.com/products/westside-home-white-basket-with-handle-301047609001,Westside Home,Westside Home White Basket with Handle,499.0,301047609001,"Clean, versatile and easy to style, this small white basket with handle from Westside Home is perfect for light storage needs. The compact size works well for toiletries, kitchen essentials or bedside accessories, while the sturdy handle allows effortless movement from room to room. Finished in a crisp white tone, it brings a fresh, uncluttered feel to shelves, counters or open storage setups.",,,,,
Bath,,Bath,https://www.westside.com/products/westside-home-brown-open-weave-bucket-basket-301047605001,Westside Home,Westside Home Brown Open Weave Bucket Basket,1299.0,301047605001,"Bring relaxed organisation into your home with this brown open weave bucket basket from Westside Home. Crafted with a breathable woven structure, it balances visual lightness with everyday utility. The rounded bucket silhouette makes it ideal for storing throws, magazines or laundry, while the natural brown tone adds warmth to any room.",,,,,
Bath,,Bath,https://www.westside.com/products/westside-home-brown-open-weave-basket-301047611001,Westside Home,Westside Home Brown Open Weave Basket,799.0,301047611001,"Striking the right balance between size and versatility, this medium brown open weave basket from Westside Home offers easy organisation for everyday items. Ideal for throws, magazines or children’s toys, its breathable weave keeps the look light while the earthy finish grounds the space. Place it beside seating, under consoles or on open shelving to introduce texture, warmth and a sense of effortless order.",,,,,
Bath,,Bath,https://www.westside.com/products/westside-home-brown-open-weave-basket-301047610001,Westside Home,Westside Home Brown Open Weave Basket,899.0,301047610001,"Make storage part of your décor with this large brown open weave basket from Westside Home. Designed to hold bulkier essentials like cushions, blankets or laundry, it combines generous capacity with an airy woven structure. The natural brown tone adds depth and warmth, making it suitable for living rooms, bedrooms or utility spaces. Functional yet visually light, it keeps your home organised while maintaining a relaxed, welcoming atmosphere.",,,,,
Bath,,Bath,https://www.westside.com/products/westside-home-brown-organiser-301047607001,Westside Home,Westside Home Brown Organiser,799.0,301047607001,"Keep daily essentials neatly in place with this brown organiser from Westside Home, created to simplify everyday routines. Its structured form allows easy sorting of stationery, accessories or small household items, while the warm brown finish adds a subtle decorative touch. Ideal for desks, shelves or console tables, it helps reduce visual clutter without feeling utilitarian.",,,,,
Bath,,Bath,https://www.westside.com/products/westside-home-brown-colour-blocked-seagrass-basket-set-of-2-301047608001,Westside Home,Westside Home Brown Colour-Blocked Seagrass Basket (Set of 2),699.0,301047608001,"Thoughtful storage meets natural texture with this set of two brown colour-blocked seagrass baskets from Westside Home. Handwoven for a relaxed, artisanal feel, the contrasting tones add visual interest while keeping the look grounded and easy to style. Designed in two versatile sizes, they’re ideal for organising throws, laundry or everyday essentials across living spaces.",,,,,
Bath,,Bath,https://www.westside.com/products/westside-home-beige-self-care-caddy-301048126001,Westside Home,Westside Home Beige Self-Care Caddy,500.0,301048126001,"Organise your daily rituals in style with the beige self-care caddy from Westside Home, thoughtfully designed to bring both function and calm to your vanity, bathroom, or bedside. Crafted in a soft neutral tone that blends effortlessly into any interior, this compact organiser is perfect for storing skincare essentials, bath accessories, or everyday beauty tools. With a divided layout and easy-carry handle, it offers convenience without compromising on aesthetics.",,,,,
Bath,,Bath,https://www.westside.com/products/westside-home-dark-blue-self-striped-hand-towel-301047586002,Westside Home,Westside Home Dark Blue Self-Striped Hand Towel,199.0,301047586002,"Brighten up your bathroom with this darl blue self-striped hand towel from Westside Home. This towel features a vibrant lime color with a subtle self-striped pattern, adding a fresh and contemporary touch to your space. Made from soft, absorbent fabric, it provides both comfort and efficiency, making it perfect for everyday use. Whether for drying hands or adding a pop of color to your decor, this hand towel blends style with practicality for a refreshing bathroom upgrade.",,,,,
Bath,,Bath,https://www.westside.com/products/westside-home-tan-self-striped-hand-towel-301048124006,Westside Home,Westside Home Tan Self-Striped Hand Towel,199.0,301048124006,"A thoughtful addition to your bath space, this tan hand towel from Westside Home balances comfort with clean design. Made from plush cotton fabric, it offers dependable absorbency and a soft feel with every use. The self-striped detailing introduces texture without distraction, lending a composed finish to the towel. Ideal for guest or everyday bathrooms, its warm tan tone pairs easily with a range of interiors while bringing quiet polish to your essentials.",,,,,
Bath,,Bath,https://www.westside.com/products/westside-home-dusty-blue-self-striped-bath-towel-301048124013,Westside Home,Westside Home Dusty Blue Self-Striped Bath Towel,699.0,301048124013,"Long showers feel better with this dusty blue bath towel by Westside Home close at hand. Designed to be soft, absorbent, and easy to use every day, it brings a calming touch to your bathing routine. The muted blue shade feels fresh yet grounded, while the self-stripe detailing adds quiet texture. A simple upgrade that feels natural, not forced.",,,,,
Bath,,Bath,https://www.westside.com/products/westside-home-yellow-stripe-pattern-cotton-hand-towel-301050712002,Westside Home,Westside Home Yellow Stripe Pattern Cotton Hand Towel,149.0,301050712002,"Designed for daily use, this hand towel from Westside Home stands out with its crisp yellow stripes that bring warmth to bathroom counters. Soft to the touch and quick to dry, it’s made for frequent washing without losing its shape or appeal. The striped design keeps it visually fresh while blending effortlessly with both modern and classic bath settings.",,,,,
Bath,,Bath,https://www.westside.com/products/westside-home-black-popcorn-textured-hand-towel-301050713005,Westside Home,Westside Home Black Popcorn Textured Hand Towel,199.0,301050713005,"Compact and contemporary, this hand towel from Westside Home features a tactile popcorn texture accented with subtle stripes. The deep black tone adds sophistication, while the striped detail keeps the look layered and interesting. Soft, absorbent and durable, it’s made for everyday use at wash basins or powder rooms.",,,,,
Bath,,Bath,https://www.westside.com/products/westside-home-dusty-blue-diagonal-striped-bath-mat-301048120006,Westside Home,Westside Home Dusty Blue Diagonal Striped Bath Mat,499.0,301048120006,"Elevate your everyday rituals with this dusty blue bath mat from Westside Home, designed with tonal stripes for a soft graphic touch. The muted palette brings calm to bathroom spaces, while the plush texture offers lasting comfort underfoot. Pair it with neutral linens or natural textures for a spa-inspired finish.",,,,,
Bath,,Bath,https://www.westside.com/products/westside-home-dusty-blue-self-striped-hand-towel-301048124014,Westside Home,Westside Home Dusty Blue Self-Striped Hand Towel,199.0,301048124014,"Busy days feel more put together with this dusty blue hand towel by Westside Home by the sink. Made for frequent use, It is soft on the hands while drying quickly and efficiently. The understated stripe pattern and calming colour keep the look neat and composed, fitting seamlessly into bathrooms or powder rooms. Practical, comfortable, and thoughtfully designed.",,,,,
Bath,,Bath,https://www.westside.com/products/westside-home-yellow-stripe-pattern-cotton-face-towels-set-of-2-301050712003,Westside Home,Westside Home Yellow Stripe Pattern Cotton Face Towels (Set of 2),149.0,301050712003,"Gentle on the skin and thoughtfully designed, this set of face towels from Westside Home features cheerful yellow stripes for a clean, coordinated look. Ideal for morning and night routines, the soft texture feels comfortable while remaining absorbent and easy to maintain. The striped pattern adds a subtle design detail without overpowering the space, making these towels a polished addition to open shelves or towel racks.",,,,,
Bath,,Bath,https://www.westside.com/products/westside-home-sage-polka-dots-bath-mat-301048122003,Westside Home,Westside Home Sage Polka Dots Bath Mat,699.0,301048122003,"This sage polka dots bath mat from Westside Home blends function with understated style. Crafted for a soft, comfortable feel underfoot, it helps keep bathroom floors dry while adding a subtle pop of pattern. The calming sage tone pairs effortlessly with neutral settings, making it a versatile choice for everyday use and relaxed, spa-inspired interiors.",,,,,
Bath,,Bath,https://www.westside.com/products/westside-home-green-self-striped-hand-towel-301047583002,Westside Home,Westside Home Green Self-Striped Hand Towel,199.0,301047583002,"Refresh your space with the calm elegance of Westside Homes green hand towel. Crafted from plush, quick-absorbing cotton, it balances softness with everyday durability. The subtle tonal texture adds depth while maintaining a clean, modern look. Whether folded neatly beside your basin or styled in a guest bathroom, it brings a quiet sophistication to your daily rituals.",,,,,
Bath,,Bath,https://www.westside.com/products/westside-home-dusty-blue-stripe-pattern-hand-towel-301047578008,Westside Home,Westside Home Dusty Blue Stripe Pattern Hand Towel,299.0,301047578008,"A simple essential made thoughtfully, this hand towel by Westside Home is crafted from absorbent cotton that feels comfortable with every use. The dusty blue stripe pattern lends a clean, composed look, making it as visually pleasing as it is functional. Ideal for daily hand-drying, it maintains softness wash after wash while adding a touch of order to your bathroom or wash area. Easy to style and effortless to maintain, it’s a small upgrade that quietly elevates everyday routines.",,,,,
Bath,,Bath,https://www.westside.com/products/westside-home-dusty-blue-self-striped-face-towel-set-of-2-301048124016,Westside Home,Westside Home Dusty Blue Self-Striped Face Towel (Set of 2),199.0,301048124016,"Quick refreshes feel nicer with these dusty blue face towels by Westside Home within reach. This set of two is soft on the skin and absorbent enough for daily use, whether It is part of your morning routine or evening skincare. The calm colour and minimal striping keep things clean and easy, making them a quiet essential you will use every day.",,,,,
Bath,,Bath,https://www.onetrust.com/products/cookie-consent/,OneTrust,Cookie Consent | Products | OneTrust,,,"Regulatory and societal trends emphasize the importance of personal data consent. More than 750,000 websites trust our Cookie Consent software to meet today’s data privacy demands. ",,,,,
